<Configuration>
  <Add OfficeClientEdition="64"  Channel="PerpetualVL2024">
     <Product ID="ProPlus2024Volume" PIDKEY="2TDPW-NDQ7G-FMG99-DXQ7M-TX3T2" >
         <Language ID="en-us" />
         <ExcludeApp ID="Access" />
         <ExcludeApp ID="Groove" />
         <ExcludeApp ID="Lync" />
         <ExcludeApp ID="OneDrive" />
         <ExcludeApp ID="OneNote" />
         <ExcludeApp ID="Publisher" />
    </Product>
  </Add>
  <RemoveMSI />
  <Property Name="AUTOACTIVATE" Value="1" />
Display Level="None" AcceptEULA="TRUE"
</Configuration>